{"metric": "cpu_used_pct", "contamination": 0.05, "random_state": 42, "trained_samples": 191, "last_trained": "2026-07-14T11:53:58.483304+00:00", "raw_score_threshold": -5.551115123125783e-17}