{"metric": "load_one", "contamination": 0.05, "random_state": 42, "trained_samples": 192, "last_trained": "2026-07-14T11:53:59.200194+00:00", "raw_score_threshold": 1.9949319973733282e-17}