{"metric": "disk_used_pct", "contamination": 0.05, "random_state": 42, "trained_samples": 30, "last_trained": "2026-07-14T08:51:51.746719+00:00", "raw_score_threshold": 5.117434254131581e-17}