{"metric": "cpu_used_pct", "contamination": 0.05, "random_state": 42, "trained_samples": 193, "last_trained": "2026-07-16T18:52:29.987517+00:00", "raw_score_threshold": -4.33138767907959e-17}