{"metric": "cpu_iowait_pct", "contamination": 0.05, "random_state": 42, "trained_samples": 30, "last_trained": "2026-07-14T08:52:54.778647+00:00", "raw_score_threshold": 1.5612511283791264e-17}