{"metric": "memory_used_pct", "contamination": 0.05, "random_state": 42, "trained_samples": 140, "last_trained": "2026-07-14T10:52:24.140967+00:00", "raw_score_threshold": 3.355605723842636e-17}