{"metric": "load_one", "contamination": 0.05, "random_state": 42, "trained_samples": 137, "last_trained": "2026-07-14T10:53:31.262581+00:00", "raw_score_threshold": -2.097931203759451e-17}