{"metric": "cpu", "contamination": 0.03, "random_state": 42, "trained_samples": 34, "last_trained": "2026-07-13T05:19:12.007563+00:00", "raw_score_threshold": -2.8297676701871666e-17}