{"metric": "disk_used_pct", "contamination": 0.05, "random_state": 42, "trained_samples": 30, "last_trained": "2026-07-16T20:20:24.092045+00:00", "raw_score_threshold": 3.469446951953614e-17}