{"metric": "cpu_iowait_pct", "contamination": 0.05, "random_state": 42, "trained_samples": 137, "last_trained": "2026-07-14T10:53:30.444792+00:00", "raw_score_threshold": -3.8163916471489756e-17}