{"metric": "cpu", "contamination": 0.03, "random_state": 42, "trained_samples": 100, "last_trained": "2026-07-14T09:21:25.941539+00:00", "raw_score_threshold": -9.75781955236954e-18}